{
    "test_status" : false,
    "engines" : [
        {
            "eng_name" : "img_backbone",
            "net_path" : "/home/dong/tmp_support/occ/img_backbone.net",
            "eng_path" : "/home/dong/tmp_support/occ/img_backbone_f16.eng",
            "rebuild" : false,
            "build_type" : "float16",
            "fallback_type" : "float16",
            "dla" : -1,
            "gpu" : 0,
            "sync_type" : 0,
            "use_cuda_graph" : true,
            "gpu_direct_io" : false,
            "inputs" :[
                {"name" : "input",
                "buffer_global_name" : "img_input",
                "shape" : [3, 3, 256, 704],
                "type" : "float",
                "file_path" : ""
                }
            ],
            "outputs" :[
                {"name" : "output",
                "buffer_global_name" : "img_backbone_fea_1",
                "shape" : [3, 1024, 16, 44],
                "type" : "float",
                "file_path" : ""
                },
                {"name" : "544",
                "buffer_global_name" : "img_backbone_fea_2",
                "shape" : [3, 2048, 8, 22],
                "type" : "float",
                "file_path" : ""
                }
            ],
            "test_check_dim" : 0
        },
        {
            "eng_name" : "img_neck",
            "net_path" : "/home/dong/tmp_support/occ/img_neck.net",
            "eng_path" : "/home/dong/tmp_support/occ/img_neck_f16.eng",
            "rebuild" : false,
            "build_type" : "float16",
            "fallback_type" : "float16",
            "dla" : -1,
            "gpu" : 0,
            "sync_type" : 0,
            "use_cuda_graph" : true,
            "gpu_direct_io" : false,
            "inputs" :[
                {"name" : "input",
                "buffer_global_name" : "img_backbone_fea_1",
                "shape" : [3, 1024, 16, 44],
                "type" : "float",
                "file_path" : ""
                },
                {"name" : "input.3",
                "buffer_global_name" : "img_backbone_fea_2",
                "shape" : [3, 2048, 8, 22],
                "type" : "float",
                "file_path" : ""
                }
            ],
            "outputs" :[
                {"name" : "output",
                "buffer_global_name" : "img_neck_fea",
                "shape" : [3, 256, 16, 44],
                "type" : "float",
                "file_path" : ""
                }
            ],
            "test_check_dim" : 0
        },
        {
            "eng_name" : "depth_main",
            "net_path" : "/home/dong/tmp_support/occ/depth_net_main.net",
            "eng_path" : "/home/dong/tmp_support/occ/depth_net_main_f16.eng",
            "rebuild" : false,
            "build_type" : "float16",
            "fallback_type" : "float16",
            "dla" : -1,
            "gpu" : 0,
            "sync_type" : 0,
            "use_cuda_graph" : true,
            "gpu_direct_io" : false,
            "inputs" :[
                {"name" : "x",
                "buffer_global_name" : "img_neck_fea",
                "shape" : [1, 3, 256, 16, 44],
                "type" : "float",
                "file_path" : ""
                },
                {"name" : "prepared_pose",
                "buffer_global_name" : "depth_project_pose",
                "shape" : [3, 27],
                "type" : "float",
                "file_path" : ""
                }
            ],
            "outputs" :[
                {"name" : "context",
                "buffer_global_name" : "depth_context",
                "shape" : [1, 3, 80, 16, 44],
                "type" : "float",
                "file_path" : ""
                },
                {"name" : "depth",
                "buffer_global_name" : "depth_depth",
                "shape" : [1, 3, 80, 16, 44],
                "type" : "float",
                "file_path" : ""
                }
            ],
            "test_check_dim" : 0
        },
        {
            "eng_name" : "bev_backbone",
            "net_path" : "/home/dong/tmp_support/occ/img_bev_encoder_backbone_fast.net",
            "eng_path" : "/home/dong/tmp_support/occ/img_bev_encoder_backbone_fast_f16.eng",
            "rebuild" : false,
            "build_type" : "float16",
            "fallback_type" : "float16",
            "dla" : -1,
            "gpu" : 0,
            "sync_type" : 0,
            "use_cuda_graph" : false,
            "gpu_direct_io" : false,
            "inputs" :[
                {"name" : "x",
                "buffer_global_name" : "bev_input",
                "shape" : [1, 1600, 100, 100],
                "type" : "float",
                "file_path" : ""
                }
            ],
            "outputs" :[
                {"name" : "res",
                "buffer_global_name" : "bev_fea_1",
                "shape" : [1, 320, 100, 100],
                "type" : "float",
                "file_path" : ""
                },
                {"name" : "input.88",
                "buffer_global_name" : "bev_fea_2",
                "shape" : [1, 320, 50, 50],
                "type" : "float",
                "file_path" : ""
                },
                {"name" : "153",
                "buffer_global_name" : "bev_fea_3",
                "shape" : [1, 320, 25, 25],
                "type" : "float",
                "file_path" : ""
                }
            ],
            "test_check_dim" : 0
        },
        {
            "eng_name" : "bev_neck",
            "net_path" : "/home/dong/tmp_support/occ/img_bev_encoder_neck_fast.net",
            "eng_path" : "/home/dong/tmp_support/occ/img_bev_encoder_neck_fast_f16.eng",
            "rebuild" : false,
            "build_type" : "float16",
            "fallback_type" : "float16",
            "dla" : -1,
            "gpu" : 0,
            "sync_type" : 0,
            "use_cuda_graph" : false,
            "gpu_direct_io" : false,
            "inputs" :[
                {"name" : "x",
                "buffer_global_name" : "bev_fea_1",
                "shape" : [1, 320, 100, 100],
                "type" : "float",
                "file_path" : ""
                },
                {"name" : "input.7",
                "buffer_global_name" : "bev_fea_2",
                "shape" : [1, 320, 50, 50],
                "type" : "float",
                "file_path" : ""
                },
                {"name" : "input.13",
                "buffer_global_name" : "bev_fea_3",
                "shape" : [1, 320, 25, 25],
                "type" : "float",
                "file_path" : ""
                }
            ],
            "outputs" :[
                {"name" : "outs",
                "buffer_global_name" : "bev_neck_fea_1",
                "shape" : [1, 1280, 100, 100],
                "type" : "float",
                "file_path" : ""
                },
                {"name" : "53",
                "buffer_global_name" : "bev_neck_fea_2",
                "shape" : [1, 640, 50, 50],
                "type" : "float",
                "file_path" : ""
                },
                {"name" : "56",
                "buffer_global_name" : "bev_neck_fea_3",
                "shape" : [1, 320, 25, 25],
                "type" : "float",
                "file_path" : ""
                }
            ],
            "test_check_dim" : 0
        },
        {
            "eng_name" : "occ_head",
            "net_path" : "/home/dong/tmp_support/occ/occupancy_head_fast.net",
            "eng_path" : "/home/dong/tmp_support/occ/occupancy_head_fast_f16.eng",
            "rebuild" : false,
            "build_type" : "float16",
            "fallback_type" : "float16",
            "dla" : -1,
            "gpu" : 0,
            "sync_type" : 0,
            "use_cuda_graph" : false,
            "gpu_direct_io" : false,
            "inputs" :[
                {"name" : "x",
                "buffer_global_name" : "bev_neck_fea_1",
                "shape" : [1, 1280, 100, 100],
                "type" : "float",
                "file_path" : ""
                },
                {"name" : "input.9",
                "buffer_global_name" : "bev_neck_fea_2",
                "shape" : [1, 640, 50, 50],
                "type" : "float",
                "file_path" : ""
                },
                {"name" : "input.15",
                "buffer_global_name" : "bev_neck_fea_3",
                "shape" : [1, 320, 25, 25],
                "type" : "float",
                "file_path" : ""
                }
            ],
            "outputs" :[
                {"name" : "res",
                "buffer_global_name" : "occ_res_3d",
                "shape" : [1, 6, 200, 200, 40],
                "type" : "float",
                "file_path" : ""
                }
            ],
            "test_check_dim" : 0
        }
    ]
}