{
    "engines" : [
        {
            "net_path" : "/home/dong/tmp_support/superpoint_nosoft_quant_qat_v1_e0cre3_sgd_m09.net",
            "eng_path" : "/home/dong/tmp_support/superpoint_nosoft_quant_qat_v1_e0cre3_sgd_m09_s8.eng",
            "rebuild" : false,
            "build_type" : "int8",
            "fallback_type" : "float16",
            "dla" : -1,
            "gpu" : 0,
            "sync_type" : 0,
            "gpu_direct_io" : false,
            "inputs" :[
                {"name" : "input",
                "shape" : [1, 1, 512, 512],
                "type" : "float",
                "file_path" : "/home/dong/WS/test/op_test/sp_cmp/seq_1_img_1_f32.bin"
                }
            ],
            "outputs" :[
                {"name" : "scores",
                "shape" : [1, 65, 64, 64],
                "type" : "float",
                "file_path" : "/home/dong/WS/test/op_test/sp_cmp/seq_1_img_1_f32_4060_score_q_out.bin"
                },
                {"name" : "descriptors",
                "shape" : [1, 256, 64, 64],
                "type" : "float",
                "file_path" : "/home/dong/WS/test/op_test/sp_cmp/seq_1_img_1_f32_4060_desc_q_out.bin"
                }
            ]
        },
        {
            "net_path" : "/home/dong/tmp_support/superpoint_nosoft_quant_qat_v1_e0cre3_sgd_m09.net",
            "eng_path" : "/home/dong/tmp_support/superpoint_nosoft_quant_qat_v1_e0cre3_sgd_m09_h.eng",
            "rebuild" : false,
            "build_type" : "float16",
            "fallback_type" : "float16",
            "dla" : -1,
            "gpu" : 0,
            "sync_type" : 0,
            "gpu_direct_io" : false,
            "inputs" :[
                {"name" : "input",
                "shape" : [1, 1, 512, 512],
                "type" : "float",
                "file_path" : "/home/dong/WS/test/op_test/sp_cmp/seq_1_img_1_f32.bin"
                }
            ],
            "outputs" :[
                {"name" : "scores",
                "shape" : [1, 65, 64, 64],
                "type" : "float",
                "file_path" : "/home/dong/WS/test/op_test/sp_cmp/seq_1_img_1_f32_4060_score_out.bin"
                },
                {"name" : "descriptors",
                "shape" : [1, 256, 64, 64],
                "type" : "float",
                "file_path" : "/home/dong/WS/test/op_test/sp_cmp/seq_1_img_1_f32_4060_desc_out.bin"
                }
            ]
        }
    ]
}