{
    "engines" : [
        {
            "eng_name" : "superpoint_trt",
            "net_path" : "/root/workspace/depot_test/test_mode_frame/qat_e_engs/superpoint_nosoft_quant_qat_v1_e0cre3_sgd_m09.net",
            "gpu_eng_path" : "/root/workspace/depot_test/test_mode_frame/qat_e_engs/superpoint_nosoft_quant_qat_v1_e0cre3_sgd_m09_gpu.eng",
            "dla_eng_path" : "/root/workspace/depot_test/test_mode_frame/qat_e_engs/superpoint_nosoft_quant_qat_v1_e0cre3_sgd_m09_dla.eng",
            "rebuild" : false,
            "build_type" : "int8",
            "fallback_type" : "float16",
            "inputs_bp" :[
                {"name" : "A",
                "shape" : [1, 4, 64, 64],
                "type" : "float",
                "file_path" : "/root/workspace/depot_test/test_mode_frame/dla_test_input.bin", 
                "amax" : 5.594437599182129
                }
                
            ],
            "inputs" :[
                {"name" : "input",
                "shape" : [1, 1, 512, 512],
                "type" : "float",
                "file_path" : "/root/workspace/depot_test/test_mode_frame/superpoint_in_2.bin", 
                "amax" : 0.9999
                }
            ],
            "outputs_bp1" :[
                {"name" : "out_fea",
                "shape" : [1, 16, 512, 512],
                "type" : "float",
                "amax" : 619.2507934570312
                }
            ],
            "outputs_bp2" :[
                {"name" : "/blocks.0/conv1/Conv_output_0",
                "shape" : [1, 16, 64, 64],
                "type" : "int8",
                "file_path" : "/root/workspace/depot_test/test_mode_frame/weights/layer_0.bin",
                "amax" : 4.0820465087890625
                },
                {"name" : "/blocks.0/conv2/Conv_output_0",
                "shape" : [1, 16, 64, 64],
                "type" : "int8",
                "file_path" : "/root/workspace/depot_test/test_mode_frame/weights/layer_1.bin",
                "amax" : 4.293391704559326
                },
                {"name" : "/blocks.1/conv1/Conv_output_0",
                "shape" : [1, 32, 64, 64],
                "type" : "int8",
                "file_path" : "/root/workspace/depot_test/test_mode_frame/weights/layer_2.bin",
                "amax" : 4.014906883239746
                },
                {"name" : "/blocks.1/conv2/Conv_output_0",
                "shape" : [1, 32, 64, 64],
                "type" : "int8",
                "file_path" : "/root/workspace/depot_test/test_mode_frame/weights/layer_3.bin",
                "amax" : 3.8584041595458984
                },
                {"name" : "/blocks.2/conv1/Conv_output_0",
                "shape" : [1, 16, 64, 64],
                "type" : "int8",
                "file_path" : "/root/workspace/depot_test/test_mode_frame/weights/layer_4.bin",
                "amax" : 4.101858139038086
                },
                {"name" : "/blocks.2/conv2/Conv_output_0",
                "shape" : [1, 16, 64, 64],
                "type" : "int8",
                "file_path" : "/root/workspace/depot_test/test_mode_frame/weights/layer_5.bin",
                "amax" : 4.186274528503418
                },
                {"name" : "/blocks.3/conv1/Conv_output_0",
                "shape" : [1, 32, 64, 64],
                "type" : "int8",
                "file_path" : "/root/workspace/depot_test/test_mode_frame/weights/layer_6.bin",
                "amax" : 4.191393852233887
                },
                {"name" : "/blocks.3/conv2/Conv_output_0",
                "shape" : [1, 32, 64, 64],
                "type" : "int8",
                "file_path" : "/root/workspace/depot_test/test_mode_frame/weights/layer_7.bin",
                "amax" : 4.322412490844727
                },
                {"name" : "/blocks.4/conv1/Conv_output_0",
                "shape" : [1, 16, 64, 64],
                "type" : "int8",
                "file_path" : "/root/workspace/depot_test/test_mode_frame/weights/layer_8.bin",
                "amax" : 4.722660064697266
                },
                {"name" : "out_fea",
                "shape" : [1, 16, 64, 64],
                "type" : "int8",
                "amax" : 3.4489407539367676
                }
            ],
            "outputs_bp" :[
                {"name" : "/convDa/Conv_output_0",
                "shape" : [1, 256, 64, 64],
                "type" : "float",
                "amax" : 5.767545700073242
                }
            ],
            "outputs" :[
                {"name" : "scores",
                "shape" : [1, 65, 64, 64],
                "type" : "float",
                "amax" : 90.21456909179688
                },
                {"name" : "descriptors",
                "shape" : [1, 256, 64, 64],
                "type" : "float",
                "amax" : 198.64520263671875
                }
            ]
        }
    ]
}