{
    "test_status" : true,
    "engines" : [
        {
            "eng_name" : "superpoint_trt",
            "net_path" : "/home/yjy/WS/test_mode_frame/superpoint_nosoft_quant.net",
            "eng_path" : "/home/yjy/WS/test_mode_frame/superpoint_nosoft_quant_dla_h.eng",
            "rebuild" : false,
            "build_type" : "int8",
            "fallback_type" : "float16",
            "dla" : -1,
            "gpu" : 0,
            "sync_type" : 0,
            "gpu_direct_io" : true,
            "inputs" :[
                {"name" : "input",
                "shape" : [1, 1, 512, 512],
                "type" : "float",
                "file_path" : "/home/yjy/WS/test_mode_frame/superpoint_in_0.bin", 
                "amax" : 1.0
                }
            ],
            "outputs" :[
                {"name" : "scores",
                "shape" : [1, 65, 64, 64],
                "type" : "float",
                "file_path" : "/home/yjy/WS/test_mode_frame/superpoint_score_0.bin",
                "amax" : 34.38695526123047
                },
                {"name" : "descriptors",
                "shape" : [1, 256, 64, 64],
                "type" : "float",
                "file_path" : "/home/yjy/WS/test_mode_frame/superpoint_desc_0.bin",
                "amax" : 375.6468505859375
                }
            ],
            "test_check_dim" : 0
        }
    ]
}